Date|Time|Symbol|Strike|Expiration|Premiums|Description
2025-12-29||NVDA|160.0|1/15/2027|3.37M|2 large call sweep orders
2025-12-29||NVDA|200.0|1/15/2027|843.7K|large call sweep order
2025-12-29||NVDA|160.0|1/15/2027|2.71M|3 large put sweep orders
2025-12-29||NVDA|155.0|1/15/2027|1.88M|put golden sweep
2025-12-29||NVDA|165.0|1/15/2027|1.15M|put golden sweep
2025-12-29||GOOGL|300.0|12/18/2026|2.02M|3 large call sweep orders
2025-12-29||GOOGL|300.0|12/18/2026|7.75M|call golden sweep
2025-12-29||GOOGL|300.0|12/18/2026|7.83M|call golden sweep
2025-12-29||GOOGL|330.0|6/17/2027|2.12M|call golden sweep
2025-12-29||V|380.0|6/17/2027|2.91M|call golden sweep
2025-12-29||DAL|72.0|1/16/2026|1.21M|call golden sweep
2025-12-30||UPS|100.0|1/15/2027|1.14M|call golden sweep
2025-12-30||ORCL|195.0|3/20/2026|1.02M|2 large call sweep orders
2025-12-30||ORCL|195.0|3/20/2026|1.02M|call golden sweep
2025-12-30||BE|100.0|6/18/2026|1.14M|call golden sweep
2025-12-30||NVDA|140.0|1/21/2028|2.25M|call golden sweep
2025-12-30||SLV|70.0|1/16/2026|1.81M|call golden sweep
2025-12-30||UPS|100.0|1/15/2027|1.14M|call golden sweep
2025-12-30||ORCL|195.0|3/20/2026|1.02M|2 large call sweep orders
2025-12-30||ORCL|195.0|3/20/2026|1.02M|call golden sweep
2025-12-30||BE|100.0|6/18/2026|1.14M|call golden sweep
2025-12-30||NVDA|140.0|1/21/2028|2.25M|call golden sweep
2025-12-30||SLV|70.0|1/16/2026|1.81M|call golden sweep
2025-12-30||AMZN|230.0|2/20/2026|1.35M|2 large call sweep orders
2025-12-30||AMZN|230.0|2/20/2026|1.35M|call golden sweep
2025-12-30||AMZN|230.0|2/20/2026|1.23M|call golden sweep
2025-12-31||NKE|62.5|1/16/2026|1.06M|put golden sweep
2025-12-31||SLV|60.0|1/16/2026|1.14M|2 large put sweep orders
2025-12-31||SLV|60.0|1/16/2026|687.38K|large put sweep order
2025-12-31||SLV|65.0|1/16/2026|3.88M|2 large put sweep orders
2025-12-31||SLV|67.0|1/12/2026|487.54K|large put sweep order
2025-12-31||NVDA|170.0|3/20/2026|8.17M|call golden sweep
2025-12-31||NVDA|180.0|2/20/2026|1.23M|put golden sweep
2025-12-31||NVDA|110.0|3/20/2026|3.86M|call golden sweep
2025-12-31||NKE|62.5|1/16/2026|1.06M|put golden sweep
2025-12-31||SLV|60.0|1/16/2026|1.14M|2 large put sweep orders
2025-12-31||SLV|60.0|1/16/2026|687.38K|large put sweep order
2025-12-31||SLV|65.0|1/16/2026|3.88M|2 large put sweep orders
2025-12-31||SLV|67.0|1/12/2026|487.54K|large put sweep order
2025-12-31||NVDA|170.0|3/20/2026|8.17M|call golden sweep
2025-12-31||NVDA|180.0|2/20/2026|1.23M|put golden sweep
2025-12-31||NVDA|110.0|3/20/2026|3.86M|call golden sweep
2025-12-31||FICO|1720.0|2/20/2026|1.47M|put golden sweep
2025-12-31||SLV|80.0|6/18/2026|2.32M|2 large call sweep orders
2025-12-31||SLV|80.0|6/18/2026|2.25M|call golden sweep
2025-12-31||META|720.0|1/21/2028|2.05M|call golden sweep
2025-12-31||WDC|172.5|1/30/2026|1.49M|call golden sweep
2025-12-31||PLTR|95.0|3/20/2026|5.24M|call golden sweep
2026-01-02||LITE|155.0|3/20/2026|2.22M|call golden sweep
2026-01-02||SMH|370.0|3/20/2026|1.46M|put golden sweep
2026-01-02||NVDA|190.0|12/18/2026|1.39M|call golden sweep
2026-01-02||GOOG|350.0|1/15/2027|1.65M|call golden sweep
2026-01-02||LRCX|125.0|12/18/2026|2.13M|call golden sweep
2026-01-02||GOOG|285.0|12/18/2026|1.26M|put golden sweep
2026-01-02||SNDK|280.0|1/16/2026|284.82K|2 large call sweep orders
2026-01-02||SNDK|60.0|3/20/2026|2.11M|call golden sweep
2026-01-05||AMD|210.0|6/18/2026|2.13M|put golden sweep
2026-01-05||GOOGL|345.0|12/18/2026|1.64M|call golden sweep
2026-01-05||KWEB|40.0|8/21/2026|1.25M|call golden sweep
2026-01-05||NFLX|95.0|5/15/2026|1.01M|call golden sweep
2026-01-05||NVDA|200.0|1/15/2027|4.25M|call golden sweep
2026-01-05||INTC|30.0|1/15/2027|2.88M|3 large put sweep orders
2026-01-05||INTC|30.0|1/15/2027|1.14M|put golden sweep
2026-01-05||INTC|32.0|6/18/2026|422.0K|large put sweep order
2026-01-05||GLD|450.0|3/20/2026|1.06M|call golden sweep
2026-01-05||APPN|30.0|2/20/2026|1.08M|put golden sweep
2026-01-05||NVDA|300.0|1/21/2028|4.33M|call golden sweep
2026-01-05||AVGO|380.0|8/21/2026|2.52M|put golden sweep
2026-01-05||AA|65.0|2/20/2026|1.65M|call golden sweep
2026-01-05||NVDA|186.0|6/18/2026|1.12M|call golden sweep
2026-01-05||GLD|409.0|1/16/2026|1.4M|call golden sweep
2026-01-06||MU|320.0|1/16/2026|499.68K|2 large call sweep orders
2026-01-06||MU|380.0|3/20/2026|1.31M|call golden sweep
2026-01-06||GLD|411.0|1/16/2026|1.42M|call golden sweep
2026-01-06||NVDA|192.0|1/16/2026|372.6K|2 large call sweep orders
2026-01-06||NVDA|190.0|3/20/2026|1.67M|call golden sweep
2026-01-06||GLD|412.0|1/16/2026|1.43M|2 large call sweep orders
2026-01-06||GLD|406.0|1/21/2026|273.78K|large call sweep order
2026-01-06||SLV|72.0|1/16/2026|1.7M|call golden sweep
2026-01-06||CHTR|100.0|1/21/2028|2.51M|call golden sweep
2026-01-06||AMZN|250.0|2/20/2026|1.14M|call golden sweep
2026-01-06||ABNB|160.0|9/18/2026|1.05M|call golden sweep
2026-01-06||AMZN|300.0|6/18/2026|258.72K|2 large call sweep orders
2026-01-06||AMZN|310.0|6/18/2026|1.3M|call golden sweep
2026-01-07||GLD|409.0|1/16/2026|1.27M|4 large call sweep orders
2026-01-07||GLD|409.0|1/16/2026|1.31M|call golden sweep
2026-01-07||GLD|419.0|3/31/2026|338.62K|large call sweep order
2026-01-07||GLD|409.0|1/16/2026|661.29K|large call sweep order
2026-01-07||SLV|75.0|2/20/2026|354.19K|4 large call sweep orders
2026-01-07||SLV|70.0|1/16/2026|1.68M|call golden sweep
2026-01-07||SLV|70.0|1/16/2026|1.68M|call golden sweep
2026-01-07||SLV|73.5|4/17/2026|724.7K|large call sweep order
2026-01-07||AMZN|245.0|3/20/2026|1.04M|call golden sweep
2026-01-07||MSTR|190.0|3/20/2026|1.25M|call golden sweep
2026-01-07||GOOGL|300.0|12/18/2026|2.25M|call golden sweep
2026-01-07||SLV|71.0|1/16/2026|1.77M|call golden sweep
2026-01-07||PLTR|180.0|12/18/2026|1.44M|put golden sweep
2026-01-07||CRDO|140.0|2/20/2026|1.38M|call golden sweep
2026-01-07||FSLR|330.0|1/21/2028|9.81M|call golden sweep
2026-01-07||MSTR|190.0|3/20/2026|1.08M|call golden sweep
2026-01-07||GOOGL|430.0|6/18/2026|6.47M|call golden sweep
2026-01-07||HYG|81.0|3/20/2026|1.07M|call golden sweep
2026-01-07||BRK/B|570.0|1/15/2027|1.6M|2 large call sweep orders
2026-01-07||BRK/B|560.0|1/15/2027|424.18K|large call sweep order
2026-01-07||BRK/B|570.0|1/15/2027|1.6M|2 large call sweep orders
2026-01-07||BRK/B|560.0|1/15/2027|424.18K|large call sweep order
2026-01-08||GOOGL|300.0|12/18/2026|2.21M|call golden sweep
2026-01-08||DUOL|100.0|1/21/2028|2.12M|call golden sweep
2026-01-08||GOOG|330.0|9/18/2026|1.04M|3 large put sweep orders
2026-01-08||GOOG|330.0|9/18/2026|4.07M|put golden sweep
2026-01-08||GOOG|330.0|9/18/2026|500.05K|large put sweep order
2026-01-08||AAPL|350.0|12/18/2026|1.05M|call golden sweep
2026-01-08||NVDA|185.0|7/17/2026|1.23M|put golden sweep
2026-01-08||SNDK|420.0|1/15/2027|4.46M|2 large call sweep orders
2026-01-08||SNDK|410.0|1/15/2027|1.65M|call golden sweep
2026-01-08||BE|130.0|3/20/2026|1.11M|call golden sweep
2026-01-08||BE|115.0|12/18/2026|1.02M|put golden sweep
2026-01-08||IREN|20.0|1/15/2027|3.06M|call golden sweep
2026-01-08||AMZN|255.0|2/20/2026|1.28M|call golden sweep
2026-01-08||C|120.0|5/15/2026|1.56M|call golden sweep
2026-01-08||AVGO|360.0|1/15/2027|1.16M|call golden sweep
2026-01-08||AVGO|360.0|1/15/2027|1.16M|call golden sweep
2026-01-09||META|650.0|3/20/2026|1.16M|call golden sweep
2026-01-09||MSFT|480.0|2/20/2026|793.75K|2 large put sweep orders
2026-01-09||MSFT|480.0|2/20/2026|2.5M|put golden sweep
2026-01-09||SLV|72.0|1/16/2026|1.3M|call golden sweep
2026-01-09||TSM|300.0|9/18/2026|1.29M|put golden sweep
2026-01-09||TSLA|445.0|1/16/2026|7.46M|call golden sweep
2026-01-09||AMZN|255.0|2/20/2026|1.28M|call golden sweep
2026-01-09||MU|340.0|1/16/2026|3.56M|put golden sweep
2026-01-09||GLD|415.0|1/16/2026|1.76M|call golden sweep
2026-01-09||AAPL|270.0|6/18/2026|2.15M|call golden sweep
2026-01-09||GDX|80.0|3/20/2026|2.95M|call golden sweep
2026-01-09||SLV|35.0|1/15/2027|3.79M|call golden sweep
2026-01-09||NVDA|150.0|3/20/2026|19.88M|call golden sweep
2026-01-09||NVDA|150.0|3/20/2026|10.62M|2 large call sweep orders
2026-01-09||NVDA|150.0|3/20/2026|5.45M|call golden sweep
2026-01-09||AMZN|300.0|6/17/2027|1.1M|call golden sweep
2026-01-09||AMZN|300.0|6/17/2027|1.1M|call golden sweep
2026-01-12||TSM|250.0|3/20/2026|4.55M|call golden sweep
2026-01-12||SLV|65.0|3/20/2026|2.21M|call golden sweep
2026-01-12||GLD|418.0|1/30/2026|1.17M|call golden sweep
2026-01-12||CNXC|35.0|4/17/2026|1.14M|put golden sweep
2026-01-12||TSM|330.0|6/18/2026|1.85M|2 large call sweep orders
2026-01-12||TSM|330.0|6/18/2026|425.5K|large call sweep order
2026-01-12||PLTR|35.0|2/20/2026|4.15M|call golden sweep
2026-01-12||MU|345.0|1/16/2026|889.1K|2 large put sweep orders
2026-01-12||MU|345.0|1/16/2026|1.0M|put golden sweep
2026-01-12||MU|345.0|1/16/2026|1.57M|put golden sweep
2026-01-12||PLTR|35.0|2/20/2026|8.75M|2 large call sweep orders
2026-01-12||PLTR|35.0|2/20/2026|2.61M|call golden sweep
2026-01-12||GOOG|330.0|2/13/2026|6.14M|put golden sweep
2026-01-12||POWL|390.0|12/18/2026|1.48M|call golden sweep
2026-01-12||BE|125.0|5/15/2026|2.86M|put golden sweep
2026-01-12||MSFT|510.0|6/17/2027|2.42M|call golden sweep
2026-01-12||BE|110.0|3/20/2026|2.19M|call golden sweep
2026-01-12||AAPL|300.0|7/17/2026|1.8M|call golden sweep
2026-01-12||GOOG|310.0|1/15/2027|3.09M|put golden sweep
2026-01-12||AAPL|260.0|1/30/2026|3.05M|put golden sweep
2026-01-12||AAPL|260.0|1/30/2026|3.05M|put golden sweep
2026-01-13||AMD|280.0|6/18/2026|386.4K|4 large call sweep orders
2026-01-13||AMD|260.0|8/21/2026|3.26M|call golden sweep
2026-01-13||AMD|270.0|5/15/2026|432.57K|large call sweep order
2026-01-13||AMD|290.0|6/18/2026|342.55K|large call sweep order
2026-01-13||SLV|78.0|1/23/2026|7.21M|2 large call sweep orders
2026-01-13||SLV|79.0|2/6/2026|256.0K|large call sweep order
2026-01-13||GFS|45.0|4/17/2026|3.54M|call golden sweep
2026-01-13||SLV|80.0|2/13/2026|665.0K|2 large call sweep orders
2026-01-13||SLV|78.0|1/23/2026|2.4M|call golden sweep
2026-01-13||NVDA|200.0|1/16/2026|4.92M|put golden sweep
2026-01-13||SLV|100.0|6/18/2026|2.12M|call golden sweep
2026-01-13||SLV|80.0|1/23/2026|2.15M|call golden sweep
2026-01-13||SLV|80.0|1/23/2026|2.15M|call golden sweep
2026-01-13||SLV|80.0|1/23/2026|2.15M|call golden sweep
2026-01-13||SLV|80.0|1/23/2026|2.15M|call golden sweep
2026-01-13||SLV|80.0|1/23/2026|2.15M|call golden sweep
2026-01-13||SLV|80.0|1/23/2026|2.15M|call golden sweep
2026-01-14||BILI|32.0|7/17/2026|899K|call golden sweep
2026-01-14||BE|180.0|2/20/2026|978K|call golden sweep
2026-01-14||BE|180.0|2/20/2026|978K|call golden sweep
2026-01-15||CRDO|133.0|1/23/2026|670K|call golden sweep
2026-01-15||TSM|345.0|1/23/2026|840K|call golden sweep
2026-01-15||TSM|345.0|1/23/2026|2.62M|call golden sweep
2026-01-15||TSM|345.0|1/23/2026|1.29M|call golden sweep
2026-01-15||TSM|345.0|1/23/2026|744K|call golden sweep
2026-01-15||TSM|345.0|1/23/2026|744K|call golden sweep
2026-01-16||PLTR|130.0|8/21/2026|1.08M|put golden sweep
2026-01-16||CRDO|133.0|1/16/2026|512K|call golden sweep
2026-01-16||VOO|585.0|7/17/2026|1.03M|put golden sweep
2026-01-16||DAL|75.0|2/20/2026|2.01M|call golden sweep
2026-01-20||APP|560.0|2/20/2026|434.7K|8 large call sweep orders
2026-01-20||APP|560.0|2/20/2026|291.0K|large call sweep order
2026-01-20||APP|560.0|2/20/2026|379.4K|large call sweep order
2026-01-20||APP|550.0|2/20/2026|359.45K|large call sweep order
2026-01-20||APP|550.0|2/20/2026|572.91K|large call sweep order
2026-01-20||APP|580.0|3/20/2026|664.34K|large call sweep order
2026-01-20||APP|580.0|3/20/2026|1.03M|call golden sweep
2026-01-20||APP|650.0|2/6/2026|1.4M|call golden sweep
2026-01-20||AMD|237.5|1/23/2026|1.06M|call golden sweep
2026-01-20||META|730.0|5/15/2026|543.78K|2 large call sweep orders
2026-01-20||META|730.0|5/15/2026|1.02M|call golden sweep
2026-01-20||ASTS|150.0|1/15/2027|1.33M|call golden sweep
2026-01-20||ORCL|185.0|3/20/2026|1.02M|call golden sweep
2026-01-20||MU|360.0|12/15/2028|1.37M|put golden sweep
2026-01-20||SLV|86.0|1/30/2026|2.6M|call golden sweep
2026-01-20||META|780.0|12/18/2026|1.13M|call golden sweep
2026-01-20||NVDA|175.0|2/20/2026|2.14M|2 large put sweep orders
2026-01-20||NVDA|175.0|2/20/2026|809.33K|large put sweep order
2026-01-20||BE|115.0|3/20/2026|2.35M|call golden sweep
2026-01-20||AVGO|290.0|12/15/2028|2.85M|call golden sweep
2026-01-20||SIL|105.0|7/17/2026|9.79M|call golden sweep
2026-01-20||SIL|105.0|7/17/2026|9.79M|call golden sweep
2026-01-21||LITE|390.0|3/20/2026|914K|call golden sweep
2026-01-21||ONON|52.5|7/17/2026|1.01M|call golden sweep
2026-01-21||AGQ|270.0|3/20/2026|1.19M|call golden sweep
2026-01-21||MSFT|460.0|1/30/2026|1.8M|call golden sweep
2026-01-21||CRUS|130.0|2/20/2026|505K|call golden sweep
2026-01-21||CRUS|130.0|2/20/2026|845K|call golden sweep
2026-01-21||AVGO|330.0|12/18/2026|1.44M|2 large put sweep orders
2026-01-21||AVGO|320.0|12/18/2026|707.87K|large put sweep order
2026-01-21||MSFT|460.0|1/30/2026|1.15M|call golden sweep
2026-01-21||MSFT|460.0|1/30/2026|1.15M|call golden sweep
2026-01-21||BE|115.0|3/20/2026|2.1M|call golden sweep
2026-01-21||EOSE|20.0|1/15/2027|1.07M|call golden sweep
2026-01-21||MU|730.0|12/15/2028|1.12M|call golden sweep
2026-01-21||GLD|445.0|7/17/2026|1.93M|call golden sweep
2026-01-21||PLTR|50.0|3/20/2026|14.81M|call golden sweep
2026-01-21||PLTR|50.0|3/20/2026|14.81M|call golden sweep
2026-01-22||GS|780.0|6/18/2026|6.15M|call golden sweep
2026-01-22||CVNA|425.0|2/20/2026|7.05M|call golden sweep
2026-01-22||SLV|89.0|1/30/2026|573.14K|3 large call sweep orders
2026-01-22||SLV|90.0|3/20/2026|2.26M|call golden sweep
2026-01-22||SLV|90.0|3/20/2026|342.78K|large call sweep order
2026-01-22||SLV|87.0|1/30/2026|717.97K|3 large call sweep orders
2026-01-22||SLV|87.0|1/30/2026|719.91K|large call sweep order
2026-01-22||SLV|85.0|3/20/2026|3.96M|call golden sweep
2026-01-22||PLTR|155.0|5/15/2026|1.46M|2 large put sweep orders
2026-01-22||PLTR|150.0|5/15/2026|330.2K|large put sweep order
2026-01-22||BOIL|40.0|2/20/2026|1.24M|call golden sweep
2026-01-22||SLV|55.0|6/18/2026|3.12M|call golden sweep
2026-01-22||SLV|55.0|6/18/2026|3.12M|call golden sweep
2026-01-23||AMD|250.0|1/23/2026|2.04M|2 large call sweep orders
2026-01-23||AMD|320.0|3/20/2026|349.53K|large call sweep order
2026-01-23||MSFT|510.0|4/17/2026|4.11M|call golden sweep
2026-01-23||MSFT|510.0|4/17/2026|431.58K|9 large call sweep orders
2026-01-23||MSFT|510.0|4/17/2026|413.64K|large call sweep order
2026-01-23||MSFT|510.0|4/17/2026|336.55K|large call sweep order
2026-01-23||MSFT|510.0|4/17/2026|596.67K|large call sweep order
2026-01-23||MSFT|510.0|4/17/2026|537.43K|large call sweep order
2026-01-23||MSFT|510.0|4/17/2026|831.83K|large call sweep order
2026-01-23||MSFT|510.0|4/17/2026|297.27K|large call sweep order
2026-01-23||MSFT|510.0|4/17/2026|267.05K|large call sweep order
2026-01-23||MSFT|510.0|4/17/2026|4.37M|call golden sweep
2026-01-23||TSLA|460.0|1/30/2026|667K|call golden sweep
2026-01-23||MSFT|510.0|4/17/2026|3.81M|call golden sweep
2026-01-23||NVDA|190.0|2/6/2026|1.57M|call golden sweep
2026-01-23||GLD|515.0|10/16/2026|1.29M|call golden sweep
2026-01-23||CRWV|135.0|3/20/2026|965.23K|2 large call sweep orders
2026-01-23||CRWV|135.0|3/20/2026|1.0M|call golden sweep
2026-01-23||Z|65.0|2/20/2026|1.26M|put golden sweep
2026-01-23||ARKK|79.0|2/20/2026|1.68M|put golden sweep
2026-01-23||SLV|68.0|5/15/2026|2.06M|call golden sweep
2026-01-23||XLK|140.0|6/18/2026|1.6M|put golden sweep
2026-01-23||MSFT|515.0|6/17/2027|1.98M|call golden sweep
2026-01-23||CORZ|21.0|3/20/2026|1.33M|call golden sweep
2026-01-23||GLD|15.0|1/21/2028|4.52M|call golden sweep
2026-01-23||WULF|15.0|3/20/2026|3.0M|call golden sweep
2026-01-23||SLV|92.0|1/30/2026|1.43M|call golden sweep
2026-01-23||RGTI|23.0|3/20/2026|1.34M|put golden sweep
2026-01-23||PAAS|70.0|1/21/2028|1.24M|2 large call sweep orders
2026-01-23||PAAS|70.0|1/21/2028|576.0K|large call sweep order
2026-01-23||GLD|420.0|5/15/2026|3.12M|call golden sweep
2026-01-23||TSM|335.0|1/30/2026|1.86M|call golden sweep
2026-01-23||AAPL|280.0|6/18/2026|1.23M|call golden sweep
2026-01-23||AVGO|290.0|8/21/2026|1.63M|put golden sweep
2026-01-23||NVDA|200.0|3/20/2026|1.94M|2 large call sweep orders
2026-01-23||NVDA|200.0|3/20/2026|458.2K|large call sweep order
2026-01-23||GLD|425.0|5/15/2026|4.73M|call golden sweep
2026-01-23||GLD|425.0|5/15/2026|4.73M|call golden sweep
2026-01-23||GLD|425.0|5/15/2026|4.73M|call golden sweep
2026-01-26||NVDA|165.0|12/15/2028|2.04M|call golden sweep
2026-01-26||SLV|69.0|2/20/2026|3.46M|2 large call sweep orders
2026-01-26||SLV|120.0|5/15/2026|1.27M|call golden sweep
2026-01-26||SLV|102.0|3/20/2026|1.22M|5 large call sweep orders
2026-01-26||SLV|99.0|2/20/2026|3.02M|call golden sweep
2026-01-26||SLV|99.0|2/20/2026|799.99K|large call sweep order
2026-01-26||SLV|100.0|4/17/2026|284.55K|large call sweep order
2026-01-26||SLV|100.0|4/17/2026|360.26K|large call sweep order
2026-01-26||SLV|101.0|2/6/2026|3.9M|call golden sweep
2026-01-26||SLV|120.0|5/15/2026|1.28M|2 large call sweep orders
2026-01-26||SLV|120.0|5/15/2026|376.5K|large call sweep order
2026-01-26||AMZN|295.0|8/21/2026|1.16M|call golden sweep
2026-01-26||SLV|125.0|5/15/2026|1.3M|2 large call sweep orders
2026-01-26||SLV|130.0|3/20/2026|774.1K|large call sweep order
2026-01-26||TSLA|460.0|1/30/2026|7.67M|call golden sweep
2026-01-26||GOOGL|340.0|3/20/2026|2.58M|call golden sweep
2026-01-26||SLV|110.0|3/20/2026|1.43M|4 large call sweep orders
2026-01-26||SLV|110.0|3/20/2026|1.42M|call golden sweep
2026-01-26||SLV|110.0|3/20/2026|1.43M|call golden sweep
2026-01-26||SLV|110.0|3/20/2026|1.44M|call golden sweep
2026-01-26||SLV|110.0|3/20/2026|2.31M|2 large call sweep orders
2026-01-26||SLV|130.0|5/15/2026|296.0K|large call sweep order
2026-01-26||META|640.0|6/18/2026|5.93M|call golden sweep
2026-01-26||SLV|110.0|2/20/2026|1.06M|4 large call sweep orders
2026-01-26||SLV|185.0|3/31/2026|456.0K|large call sweep order
2026-01-26||SLV|106.0|1/28/2026|277.5K|large call sweep order
2026-01-26||SLV|185.0|3/20/2026|291.02K|large call sweep order
2026-01-26||AAPL|285.0|5/15/2026|950.0K|5 large call sweep orders
2026-01-26||AAPL|285.0|5/15/2026|1.76M|call golden sweep
2026-01-26||AAPL|285.0|5/15/2026|930.49K|large call sweep order
2026-01-26||AAPL|285.0|5/15/2026|466.25K|large call sweep order
2026-01-26||AAPL|285.0|5/15/2026|1.53M|call golden sweep
2026-01-26||SLV|99.0|2/20/2026|5.25M|call golden sweep
2026-01-26||SLV|85.0|3/20/2026|2.33M|put golden sweep
2026-01-26||SLV|160.0|1/15/2027|1.18M|call golden sweep
2026-01-27||SLV|100.0|3/20/2026|2.46M|call golden sweep
2026-01-27||SLV|85.0|3/20/2026|1.75M|put golden sweep
2026-01-27||SLV|97.0|2/6/2026|3.62M|put golden sweep
2026-01-27||MSFT|495.0|2/27/2026|1.18M|call golden sweep
2026-01-27||AMZN|235.0|2/20/2026|2.32M|put golden sweep
2026-01-27||SLV|97.0|2/6/2026|3.43M|put golden sweep
2026-01-27||CORZ|24.0|3/20/2026|3.96M|call golden sweep
2026-01-27||MSFT|445.0|1/30/2026|737K|call golden sweep
2026-01-27||CVNA|425.0|2/20/2026|7.39M|call golden sweep
2026-01-27||CVNA|425.0|2/20/2026|7.39M|call golden sweep
2026-01-28||NVDA|180.0|9/18/2026|2.13M|call golden sweep
2026-01-28||SLV|103.0|2/27/2026|1.24M|call golden sweep
2026-01-28||PG|146.0|2/20/2026|1.0M|put golden sweep
2026-01-28||GOOGL|350.0|1/15/2027|2.25M|call golden sweep
2026-01-28||SLV|120.0|5/15/2026|1.46M|call golden sweep
2026-01-28||SLV|120.0|5/15/2026|1.48M|call golden sweep
2026-01-28||GLD|486.0|2/6/2026|5.34M|call golden sweep
2026-01-28||SLV|115.0|3/6/2026|386.1K|2 large call sweep orders
2026-01-28||SLV|50.5|3/20/2026|2.29M|call golden sweep
2026-01-28||SLV|104.0|2/6/2026|3.71M|2 large call sweep orders
2026-01-28||SLV|105.0|1/21/2028|334.96K|large call sweep order
2026-01-28||GLD|487.0|2/6/2026|2.66M|2 large call sweep orders
2026-01-28||GLD|500.0|3/20/2026|2.15M|call golden sweep
2026-01-28||SLV|96.0|5/15/2026|1.61M|put golden sweep
2026-01-28||GLD|500.0|5/15/2026|2.11M|call golden sweep
2026-01-28||GLD|480.0|1/15/2027|1.43M|put golden sweep
2026-01-28||SLV|95.0|5/15/2026|2.11M|call golden sweep
2026-01-28||AMD|270.0|4/17/2026|2.23M|put golden sweep
2026-01-28||CVNA|445.0|1/30/2026|6.93M|put golden sweep
2026-01-28||SLV|95.0|5/15/2026|2.06M|call golden sweep
2026-01-28||GLD|500.0|5/15/2026|2.28M|call golden sweep
2026-01-28||SLV|125.0|5/15/2026|1.26M|call golden sweep
2026-01-28||GLD|435.0|5/15/2026|2.65M|call golden sweep
2026-01-28||META|700.0|3/20/2026|2.6M|call golden sweep
2026-01-28||HOOD|105.0|6/18/2026|720K|call golden sweep
2026-01-28||META|670.0|1/30/2026|1.2M|call golden sweep
2026-01-28||TSLA|450.0|1/30/2026|2.71M|call golden sweep
2026-01-28||MSFT|500.0|4/17/2026|1.08M|call golden sweep
2026-01-28||TSLA|450.0|3/20/2026|5.6M|call golden sweep
2026-01-28||MSFT|400.0|1/21/2028|1.27M|put golden sweep
2026-01-28||META|600.0|1/21/2028|1.25M|put golden sweep
2026-01-28||META|600.0|1/21/2028|1.25M|put golden sweep
2026-01-29||TSLA|450.0|2/13/2026|503K|call golden sweep
2026-01-29||META|760.0|6/18/2026|306.0K|4 large call sweep orders
2026-01-29||META|750.0|1/30/2026|293.83K|large call sweep order
2026-01-29||META|750.0|5/15/2026|811.8K|large call sweep order
2026-01-29||META|700.0|2/20/2026|2.1M|call golden sweep
2026-01-29||GLD|465.0|5/15/2026|4.6M|call golden sweep
2026-01-29||MSFT|550.0|12/15/2028|2.5M|call golden sweep
2026-01-29||MSFT|425.0|6/18/2026|257.94K|3 large call sweep orders
2026-01-29||MSFT|555.0|12/15/2028|2.77M|call golden sweep
2026-01-29||MSFT|550.0|12/15/2028|2.5M|call golden sweep
2026-01-29||GLD|465.0|5/15/2026|2.57M|call golden sweep
2026-01-29||AMZN|240.0|2/27/2026|1.8M|call golden sweep
2026-01-29||GLD|470.0|5/15/2026|5.06M|call golden sweep
2026-01-29||MSFT|395.0|12/18/2026|1.26M|put golden sweep
2026-01-29||AXON|420.0|9/18/2026|347.64K|3 large put sweep orders
2026-01-29||AXON|460.0|9/18/2026|1.38M|put golden sweep
2026-01-29||AXON|450.0|9/18/2026|964.28K|large put sweep order
2026-01-29||MU|870.0|1/21/2028|2.9M|put golden sweep
2026-01-29||UPS|120.0|5/15/2026|539K|call golden sweep
2026-01-29||MSFT|440.0|2/20/2026|367.23K|2 large call sweep orders
2026-01-29||MSFT|440.0|6/18/2026|1.22M|call golden sweep
2026-01-29||META|900.0|11/20/2026|540K|call golden sweep
2026-01-29||GLD|500.0|3/31/2026|748.93K|3 large call sweep orders
2026-01-29||GLD|494.0|2/20/2026|1.31M|call golden sweep
2026-01-29||GLD|565.0|6/18/2026|561.59K|large call sweep order
2026-01-29||GLD|500.0|3/31/2026|748.93K|3 large call sweep orders
2026-01-29||GLD|494.0|2/20/2026|1.31M|call golden sweep
2026-01-29||GLD|565.0|6/18/2026|561.59K|large call sweep order
2026-01-30||SLV|65.0|7/17/2026|3.69M|2 large put sweep orders
2026-01-30||SLV|92.0|2/11/2026|283.66K|large put sweep order
2026-01-30||GLD|445.0|1/15/2027|2.53M|call golden sweep
2026-01-30||AVGO|350.0|1/15/2027|1.26M|call golden sweep
2026-01-30||SLV|100.0|3/20/2026|1.18M|call golden sweep
2026-01-30||SLV|88.0|2/6/2026|2.63M|call golden sweep
2026-01-30||SLV|88.0|2/6/2026|1.46M|put golden sweep
2026-01-30||GLD|460.0|2/6/2026|3.12M|put golden sweep
2026-01-30||GLD|640.0|3/31/2026|2.77M|2 large put sweep orders
2026-01-30||GLD|450.0|2/20/2026|329.62K|large put sweep order
2026-01-30||META|700.0|4/17/2026|4.14M|call golden sweep
2026-01-30||SLV|100.0|6/18/2026|1.09M|2 large call sweep orders
2026-01-30||SLV|100.0|6/18/2026|1.3M|call golden sweep
2026-01-30||SLV|84.0|2/6/2026|1.43M|put golden sweep
2026-01-30||GLD|425.0|1/15/2027|3.5M|call golden sweep
2026-01-30||ARKK|74.0|2/20/2026|1.1M|put golden sweep
2026-01-30||AVGO|340.0|3/20/2026|3.17M|2 large call sweep orders
2026-01-30||AVGO|340.0|3/20/2026|1.69M|call golden sweep
2026-01-30||SLV|79.0|2/6/2026|3.12M|3 large put sweep orders
2026-01-30||SLV|79.0|2/6/2026|1.56M|put golden sweep
2026-01-30||SLV|76.0|2/2/2026|291.6K|large put sweep order
2026-01-30||SLV|75.0|2/20/2026|320.0K|6 large call sweep orders
2026-01-30||SLV|75.0|2/20/2026|324.0K|large call sweep order
2026-01-30||SLV|82.0|2/2/2026|734.83K|large call sweep order
2026-01-30||SLV|75.0|2/20/2026|344.14K|large call sweep order
2026-01-30||SLV|75.0|2/20/2026|377.54K|large call sweep order
2026-01-30||SLV|90.0|6/18/2026|6.86M|call golden sweep
2026-01-30||GLD|450.0|2/6/2026|2.85M|call golden sweep
2026-01-30||SLV|78.0|2/6/2026|3.2M|2 large call sweep orders
2026-01-30||SLV|78.0|2/6/2026|2.81M|call golden sweep
2026-01-30||SNDK|575.0|2/6/2026|1.2M|call golden sweep
2026-01-30||SNDK|575.0|2/6/2026|1.2M|call golden sweep
2026-02-02||NVDA|310.0|12/17/2027|1.09M|call golden sweep
2026-02-02||COIN|125.0|5/21/2027|12.68M|2 large put sweep orders
2026-02-02||COIN|125.0|5/21/2027|1.81M|put golden sweep
2026-02-02||NVDA|170.0|1/21/2028|2.16M|put golden sweep
2026-02-02||SLV|90.0|6/18/2026|1.73M|2 large call sweep orders
2026-02-02||SLV|72.5|3/31/2026|405.0K|large call sweep order
2026-02-02||AMZN|245.0|3/20/2026|2.89M|call golden sweep
2026-02-02||GLD|360.0|1/15/2027|1.0M|put golden sweep
2026-02-02||SLV|72.0|6/18/2026|1.1M|call golden sweep
2026-02-02||ZBRA|260.0|2/20/2026|637K|call golden sweep
2026-02-02||PLTR|200.0|6/17/2027|539.29K|3 large call sweep orders
2026-02-02||PLTR|200.0|6/17/2027|525.74K|large call sweep order
2026-02-02||PLTR|200.0|6/17/2027|3.19M|call golden sweep
2026-02-02||NVDA|230.0|12/15/2028|1.05M|2 large call sweep orders
2026-02-02||NVDA|188.0|6/18/2026|668.6K|large call sweep order
2026-02-02||COIN|185.0|4/17/2026|1.23M|call golden sweep
2026-02-02||PLTR|200.0|6/17/2027|1.44M|2 large call sweep orders
2026-02-02||PLTR|200.0|6/17/2027|1.29M|call golden sweep
2026-02-02||MRVL|79.0|2/20/2026|1.32M|call golden sweep
2026-02-02||AMZN|242.5|2/20/2026|1.66M|call golden sweep
2026-02-03||PLTR|185.0|2/20/2026|2.5M|put golden sweep
2026-02-03||ASML|1390.0|2/6/2026|1.33M|call golden sweep
2026-02-03||ORCL|155.0|2/6/2026|1.18M|call golden sweep
2026-02-03||QURE|55.0|4/17/2026|562K|call golden sweep
2026-02-03||SLV|80.0|2/13/2026|1.19M|2 large call sweep orders
2026-02-03||SLV|150.0|1/15/2027|349.43K|large call sweep order
2026-02-03||OKLO|120.0|12/18/2026|535K|call golden sweep
2026-02-03||CRWD|540.0|3/19/2027|1.36M|call golden sweep
2026-02-03||MU|380.0|4/17/2026|2.26M|call golden sweep
2026-02-03||SMH|390.0|6/18/2026|1.1M|put golden sweep
2026-02-03||TMF|37.0|1/15/2027|2.2M|put golden sweep
2026-02-03||NVDA|260.0|1/21/2028|3.44M|put golden sweep
2026-02-03||SLV|77.0|2/13/2026|2.24M|call golden sweep
2026-02-03||BE|165.0|6/18/2026|442.95K|2 large call sweep orders
2026-02-03||BE|165.0|6/18/2026|3.54M|call golden sweep
2026-02-03||BE|165.0|6/18/2026|442.95K|2 large call sweep orders
2026-02-03||BE|165.0|6/18/2026|3.54M|call golden sweep
2026-02-04||SLV|65.0|5/15/2026|2.16M|call golden sweep
2026-02-04||SLV|70.0|4/17/2026|2.03M|2 large call sweep orders
2026-02-04||SLV|65.0|4/17/2026|2.36M|call golden sweep
2026-02-04||LITE|460.0|2/20/2026|348.84K|7 large put sweep orders
2026-02-04||LITE|460.0|2/20/2026|388.72K|large put sweep order
2026-02-04||LITE|460.0|2/20/2026|397.83K|large put sweep order
2026-02-04||LITE|460.0|2/20/2026|412.93K|large put sweep order
2026-02-04||LITE|460.0|2/20/2026|414.12K|large put sweep order
2026-02-04||LITE|460.0|2/20/2026|1.04M|put golden sweep
2026-02-04||LITE|460.0|2/20/2026|329.94K|large put sweep order
2026-02-04||NVO|30.0|12/17/2027|10.43M|call golden sweep
2026-02-04||MSFT|450.0|3/20/2026|1.17M|call golden sweep
2026-02-04||MELI|2200.0|2/13/2026|785K|call golden sweep
2026-02-04||PLTR|135.0|5/15/2026|1.54M|put golden sweep
2026-02-04||NTAP|100.0|3/20/2026|965K|call golden sweep
2026-02-04||ORCL|150.0|3/20/2026|3.24M|put golden sweep
2026-02-04||ORCL|150.0|3/20/2026|2.63M|put golden sweep
2026-02-04||NVDA|180.0|1/15/2027|1.13M|call golden sweep
2026-02-04||IGV|85.0|2/20/2026|1.54M|call golden sweep
2026-02-04||MU|350.0|4/17/2026|1.18M|2 large put sweep orders
2026-02-04||MU|350.0|5/15/2026|1.4M|put golden sweep
2026-02-04||MSTR|135.0|2/20/2026|1.7M|call golden sweep
2026-02-04||MSTR|135.0|2/20/2026|1.7M|call golden sweep
2026-02-05||SNDK|720.0|3/20/2026|4.91M|call golden sweep
2026-02-05||GEV|910.0|3/20/2026|2.04M|put golden sweep
2026-02-05||AMZN|225.0|2/20/2026|1.11M|put golden sweep
2026-02-05||XLK|150.0|6/17/2027|3.66M|call golden sweep
2026-02-05||NVDA|175.0|2/9/2026|830K|call golden sweep
2026-02-05||SLV|70.0|2/13/2026|1.07M|put golden sweep
2026-02-05||GLD|445.0|2/13/2026|1.08M|call golden sweep
2026-02-05||GLD|445.0|2/13/2026|1.14M|put golden sweep
2026-02-05||IBIT|34.0|3/20/2026|1.23M|2 large put sweep orders
2026-02-05||IBIT|34.0|3/20/2026|1.19M|put golden sweep
2026-02-05||RDDT|250.0|12/18/2026|512K|call golden sweep
2026-02-05||RDDT|250.0|12/18/2026|500K|call golden sweep
2026-02-05||GLD|444.0|2/13/2026|1.04M|put golden sweep
2026-02-05||GLD|444.0|2/13/2026|1.04M|put golden sweep
2026-02-06||GLD|452.0|2/13/2026|1.08M|call golden sweep
2026-02-06||IREN|40.0|5/15/2026|502K|call golden sweep
2026-02-06||IREN|40.0|5/15/2026|501K|call golden sweep
2026-02-06||CAH|220.0|1/21/2028|567K|call golden sweep
2026-02-06||CRWD|490.0|3/19/2027|1.2M|call golden sweep
2026-02-06||W|97.5|5/15/2026|643K|call golden sweep
2026-02-06||SLV|80.0|3/20/2026|1.11M|2 large call sweep orders
2026-02-06||SLV|80.0|3/20/2026|2.65M|call golden sweep
2026-02-06||NVDA|185.0|3/13/2026|1.03M|put golden sweep
2026-02-06||DPST|155.0|6/18/2026|792.05K|2 large call sweep orders
2026-02-06||DPST|155.0|6/18/2026|1.37M|call golden sweep
2026-02-06||NVDA|190.0|3/20/2026|4.11M|call golden sweep
2026-02-06||MSTR|140.0|3/6/2026|355.0K|3 large call sweep orders
2026-02-06||MSTR|140.0|3/6/2026|1.28M|call golden sweep
2026-02-06||MSTR|140.0|3/6/2026|407.4K|large call sweep order
2026-02-06||SNDK|620.0|4/17/2026|1.01M|call golden sweep
2026-02-09||GLD|462.0|2/20/2026|1.11M|call golden sweep
2026-02-09||EWY|119.0|3/20/2026|1.77M|put golden sweep
2026-02-09||SLV|125.0|6/18/2026|1.54M|call golden sweep
2026-02-09||ARM|125.0|9/18/2026|585K|call golden sweep
2026-02-09||AMZN|270.0|6/18/2026|1.03M|call golden sweep
2026-02-09||SMH|450.0|3/20/2026|7.99M|3 large call sweep orders
2026-02-09||SMH|435.0|3/20/2026|392.58K|large call sweep order
2026-02-09||SMH|430.0|3/20/2026|253.07K|large call sweep order
2026-02-09||GLD|465.0|6/18/2026|1.11M|put golden sweep
2026-02-09||GOOG|305.0|12/17/2027|4.46M|put golden sweep
2026-02-09||COHR|300.0|9/18/2026|1.85M|call golden sweep
2026-02-09||CRWV|100.0|6/18/2026|1.11M|call golden sweep
2026-02-09||GOOGL|370.0|5/15/2026|1.21M|call golden sweep
2026-02-09||GOOGL|370.0|5/15/2026|1.97M|call golden sweep
2026-02-09||LMT|570.0|3/20/2026|7.15M|call golden sweep
2026-02-09||BK|125.0|1/15/2027|841K|call golden sweep
2026-02-09||CRWV|100.0|6/18/2026|1.07M|call golden sweep
2026-02-09||CAT|740.0|2/20/2026|1.77M|call golden sweep
2026-02-09||CRWV|100.0|6/18/2026|1.15M|2 large call sweep orders
2026-02-09||CRWV|150.0|6/18/2026|510.0K|large call sweep order
2026-02-09||SIL|105.0|7/17/2026|1.41M|2 large call sweep orders
2026-02-09||SIL|105.0|7/17/2026|3.71M|call golden sweep
2026-02-09||MU|390.0|3/20/2026|2.35M|2 large put sweep orders
2026-02-09||MU|390.0|3/20/2026|262.2K|large put sweep order
2026-02-09||CRWV|100.0|6/18/2026|1.21M|2 large call sweep orders
2026-02-09||CRWV|150.0|6/18/2026|519.26K|large call sweep order
2026-02-09||BRK/B|460.0|12/18/2026|1.84M|put golden sweep
2026-02-09||GLD|550.0|5/15/2026|1.74M|3 large call sweep orders
2026-02-09||GLD|550.0|5/15/2026|2.21M|call golden sweep
2026-02-09||GLD|535.0|5/15/2026|2.31M|call golden sweep
2026-02-09||AVGO|330.0|11/20/2026|1.01M|put golden sweep
2026-02-09||SOXL|40.0|1/15/2027|1.2M|put golden sweep
2026-02-09||ORCL|320.0|12/17/2027|2.26M|put golden sweep
2026-02-09||RBLX|75.0|3/20/2026|1.37M|put golden sweep
2026-02-09||CRWV|100.0|6/18/2026|1.22M|2 large call sweep orders
2026-02-09||CRWV|150.0|6/18/2026|554.98K|large call sweep order
2026-02-09||CRWV|100.0|6/18/2026|1.22M|2 large call sweep orders
2026-02-09||CRWV|150.0|6/18/2026|554.98K|large call sweep order
2026-02-10||TSLA|425.0|2/11/2026|580K|call golden sweep
2026-02-10||GOOGL|320.0|3/13/2026|1.1M|put golden sweep
2026-02-10||BSX|90.0|1/15/2027|918K|call golden sweep
2026-02-10||ASML|1400.0|2/13/2026|942K|call golden sweep
2026-02-10||TSM|240.0|12/17/2027|2.39M|put golden sweep
2026-02-10||CRWV|100.0|6/18/2026|1.1M|call golden sweep
2026-02-10||NVDA|280.0|1/21/2028|3.02M|put golden sweep
2026-02-10||NVDA|280.0|1/21/2028|2.04M|put golden sweep
2026-02-10||SMH|400.0|5/15/2026|438.81K|12 large put sweep orders
2026-02-10||SMH|400.0|5/15/2026|1.34M|put golden sweep
2026-02-10||SMH|400.0|3/20/2026|268.48K|large put sweep order
2026-02-10||SMH|400.0|5/15/2026|347.0K|large put sweep order
2026-02-10||SMH|400.0|5/15/2026|454.0K|large put sweep order
2026-02-10||SMH|400.0|5/15/2026|294.7K|large put sweep order
2026-02-10||SMH|400.0|5/15/2026|704.8K|large put sweep order
2026-02-10||SMH|400.0|5/15/2026|444.1K|large put sweep order
2026-02-10||SMH|370.0|5/15/2026|540.8K|large put sweep order
2026-02-10||SMH|370.0|5/15/2026|616.0K|large put sweep order
2026-02-10||SMH|400.0|3/20/2026|252.81K|large put sweep order
2026-02-10||SMH|400.0|5/15/2026|362.43K|large put sweep order
2026-02-10||INTC|55.0|4/17/2026|3.03M|call golden sweep
2026-02-10||CRWV|100.0|6/18/2026|1.13M|2 large call sweep orders
2026-02-10||CRWV|150.0|6/18/2026|513.46K|large call sweep order
2026-02-10||CVNA|490.0|3/20/2026|1.41M|call golden sweep
2026-02-10||MU|400.0|8/21/2026|2.61M|put golden sweep
2026-02-10||CRWV|100.0|6/18/2026|1.13M|2 large call sweep orders
2026-02-10||CRWV|150.0|6/18/2026|504.87K|large call sweep order
2026-02-10||MU|395.0|2/13/2026|10.86M|put golden sweep
2026-02-10||MU|395.0|2/13/2026|2.64M|2 large put sweep orders
2026-02-10||MU|395.0|2/13/2026|4.11M|put golden sweep
2026-02-10||MU|375.0|2/13/2026|1.53M|2 large call sweep orders
2026-02-10||MU|407.5|2/27/2026|286.23K|large call sweep order
2026-02-10||MU|375.0|2/13/2026|1.53M|2 large call sweep orders
2026-02-10||MU|407.5|2/27/2026|286.23K|large call sweep order
2026-02-11||SNDK|600.0|3/20/2026|1.06M|call golden sweep
2026-02-11||CRWV|100.0|6/18/2026|1.09M|2 large call sweep orders
2026-02-11||CRWV|150.0|6/18/2026|495.12K|large call sweep order
2026-02-11||CVNA|360.0|2/20/2026|1.1M|3 large put sweep orders
2026-02-11||CVNA|360.0|2/20/2026|474.68K|large put sweep order
2026-02-11||CVNA|360.0|2/20/2026|422.05K|large put sweep order
2026-02-11||MSFT|415.0|12/18/2026|1.49M|2 large call sweep orders
2026-02-11||MSFT|415.0|12/18/2026|492.29K|large call sweep order
2026-02-11||MU|412.5|2/20/2026|608K|call golden sweep
2026-02-11||CRWV|100.0|6/18/2026|1.36M|call golden sweep
2026-02-11||AMZN|225.0|12/18/2026|4.42M|put golden sweep
2026-02-11||GLD|460.0|3/20/2026|1.03M|call golden sweep
2026-02-11||SOFI|40.0|1/15/2027|2.03M|put golden sweep
2026-02-11||CRWV|100.0|6/18/2026|1.01M|2 large call sweep orders
2026-02-11||CRWV|150.0|6/18/2026|528.29K|large call sweep order
2026-02-11||CRWV|100.0|6/18/2026|1.01M|2 large call sweep orders
2026-02-11||CRWV|150.0|6/18/2026|528.29K|large call sweep order
2026-02-12||SNDK|640.0|2/20/2026|407.68K|2 large put sweep orders
2026-02-12||SNDK|640.0|2/20/2026|1.26M|put golden sweep
2026-02-12||APP|400.0|3/20/2026|1.13M|3 large call sweep orders
2026-02-12||APP|400.0|3/20/2026|736.02K|large call sweep order
2026-02-12||APP|400.0|3/20/2026|712.54K|large call sweep order
2026-02-12||MU|600.0|6/17/2027|2.07M|call golden sweep
2026-02-12||GLD|500.0|6/18/2026|1.36M|2 large call sweep orders
2026-02-12||GLD|550.0|6/18/2026|521.72K|large call sweep order
2026-02-12||SLV|105.0|6/18/2026|2.46M|call golden sweep
2026-02-12||AVGO|350.0|1/15/2027|1.29M|call golden sweep
2026-02-12||NVDA|200.0|6/17/2027|1.2M|call golden sweep
2026-02-12||SLV|71.5|4/17/2026|1.88M|2 large call sweep orders
2026-02-12||SLV|78.0|6/18/2026|337.5K|large call sweep order
2026-02-12||NVDA|190.0|2/23/2026|532K|call golden sweep
2026-02-12||MU|400.0|3/20/2026|1.83M|put golden sweep
2026-02-12||VRTX|410.0|2/27/2026|523K|call golden sweep
2026-02-12||NVDA|220.0|4/17/2026|1.25M|call golden sweep
2026-02-12||NVDA|220.0|4/17/2026|1.25M|call golden sweep
2026-02-13||SLV|70.0|9/18/2026|9.82M|3 large call sweep orders
2026-02-13||ASML|1620.0|8/21/2026|1.43M|call golden sweep
2026-02-13||SNDK|1000.0|6/18/2026|2.94M|3 large call sweep orders
2026-02-13||SNDK|1000.0|6/18/2026|356.49K|large call sweep order
2026-02-13||SNDK|900.0|3/20/2026|444.21K|large call sweep order
2026-02-13||SNDK|800.0|6/18/2026|2.21M|put golden sweep
2026-02-13||SMH|400.0|3/20/2026|3.1M|put golden sweep
2026-02-13||NVDA|200.0|3/27/2026|2.76M|2 large call sweep orders
2026-02-13||NVDA|200.0|3/27/2026|1.5M|call golden sweep
2026-02-13||NVDA|170.0|6/18/2026|1.32M|put golden sweep
2026-02-13||PLTR|135.0|4/17/2026|2.24M|put golden sweep
2026-02-13||PLTR|135.0|4/17/2026|2.24M|put golden sweep
2026-02-17||ADBE|260.0|3/20/2026|609K|call golden sweep
2026-02-17||GOOGL|305.0|1/15/2027|1.65M|call golden sweep
2026-02-17||AMZN|210.0|9/18/2026|1.26M|call golden sweep
2026-02-17||NVDA|172.5|2/27/2026|1.56M|2 large put sweep orders
2026-02-17||NVDA|175.0|2/27/2026|329.17K|large put sweep order
2026-02-17||GOOGL|300.0|3/19/2027|1.53M|put golden sweep
2026-02-17||AMZN|200.0|3/6/2026|833K|call golden sweep
2026-02-17||AMZN|210.0|12/15/2028|5.24M|call golden sweep
2026-02-17||AMZN|210.0|12/15/2028|5.24M|call golden sweep
2026-02-17||GLD|447.0|2/27/2026|2.05M|call golden sweep
2026-02-17||SILJ|30.0|8/21/2026|2.17M|call golden sweep
2026-02-17||PAAS|55.0|5/15/2026|2.28M|call golden sweep
2026-02-17||TSM|520.0|1/15/2027|1.01M|call golden sweep
2026-02-18||TSLA|630.0|12/15/2028|5.67M|3 large put sweep orders
2026-02-18||INTU|390.0|3/20/2026|1.03M|call golden sweep
2026-02-18||TSM|510.0|1/15/2027|1.51M|2 large call sweep orders
2026-02-18||TSM|510.0|1/15/2027|571.0K|large call sweep order
2026-02-18||MU|500.0|4/17/2026|1.48M|call golden sweep
2026-02-18||WDC|450.0|6/18/2026|1.72M|call golden sweep
2026-02-18||TSM|540.0|1/15/2027|1.19M|call golden sweep
2026-02-18||GOOGL|315.0|5/15/2026|1.37M|call golden sweep
2026-02-18||NVDA|185.0|9/18/2026|665.5K|2 large call sweep orders
2026-02-18||NVDA|190.0|5/15/2026|1.47M|call golden sweep
2026-02-18||TSM|540.0|1/15/2027|1.17M|call golden sweep
2026-02-18||LITE|310.0|3/20/2026|2.59M|call golden sweep
2026-02-18||AVGO|320.0|3/20/2026|1.15M|2 large put sweep orders
2026-02-18||AVGO|330.0|3/20/2026|272.65K|large put sweep order
2026-02-18||GLD|457.0|2/27/2026|1.01M|call golden sweep
2026-02-18||SLV|70.0|2/27/2026|5.56M|call golden sweep
2026-02-18||GLD|288.0|1/15/2027|2.49M|call golden sweep
2026-02-18||PLTR|150.0|4/17/2026|1.5M|call golden sweep
2026-02-19||LITE|460.0|6/18/2026|2.22M|call golden sweep
2026-02-19||LITE|460.0|6/18/2026|2.2M|call golden sweep
2026-02-19||TSM|410.0|1/15/2027|1.21M|2 large call sweep orders
2026-02-19||TSM|500.0|1/15/2027|411.32K|large call sweep order
2026-02-19||RDDT|175.0|6/17/2027|1.03M|call golden sweep
2026-02-19||HOOD|115.0|12/17/2027|1.08M|call golden sweep
2026-02-19||AVGO|350.0|3/20/2026|3.22M|put golden sweep
2026-02-19||DAL|62.5|3/20/2026|677.64K|2 large put sweep orders
2026-02-19||DAL|62.5|3/20/2026|1.53M|put golden sweep
2026-02-20||BRKB|500.0|3/6/2026|1.28M|call golden sweep
2026-02-20||MU|480.0|3/13/2026|262.2K|2 large call sweep orders
2026-02-20||MU|430.0|3/20/2026|1.76M|call golden sweep
2026-02-20||SLV|74.5|2/27/2026|363.37K|4 large call sweep orders
2026-02-20||SLV|74.5|2/27/2026|304.51K|large call sweep order
2026-02-20||SLV|75.0|6/18/2026|11.52M|call golden sweep
2026-02-20||SLV|90.0|9/18/2026|450.0K|large call sweep order
2026-02-20||SLV|75.0|6/18/2026|1.11M|call golden sweep
2026-02-20||BKLN|20.0|7/17/2026|1.85M|put golden sweep
2026-02-20||NVDA|187.5|2/20/2026|1.11M|call golden sweep
2026-02-20||GLD|655.0|1/15/2027|1.81M|call golden sweep
2026-02-20||SLV|75.0|6/18/2026|1.25M|call golden sweep
2026-02-20||NVDA|187.5|2/20/2026|806K|call golden sweep
2026-02-20||BE|140.0|6/18/2026|1.51M|put golden sweep
2026-02-20||SMH|385.0|2/27/2026|1.08M|2 large put sweep orders
2026-02-20||SMH|385.0|3/6/2026|539.41K|large put sweep order
2026-02-20||SLV|115.0|6/18/2026|1.76M|2 large call sweep orders
2026-02-20||SLV|78.0|6/18/2026|1.42M|call golden sweep
2026-02-20||SLV|75.0|6/18/2026|291.99K|2 large call sweep orders
2026-02-20||SLV|110.0|6/18/2026|1.42M|call golden sweep
2026-02-23||LITE|380.0|6/18/2026|3.19M|call golden sweep
2026-02-23||LITE|620.0|6/18/2026|810K|call golden sweep
2026-02-23||META|650.0|1/21/2028|1.5M|call golden sweep
2026-02-23||CRWD|347.5|2/27/2026|546K|call golden sweep
2026-02-23||SLV|80.0|6/18/2026|1.47M|call golden sweep
2026-02-23||SLV|71.0|3/20/2026|1.12M|put golden sweep
2026-02-23||ADP|180.0|12/18/2026|1.19M|put golden sweep
2026-02-23||BE|135.0|6/18/2026|5.56M|call golden sweep
2026-02-23||NVDA|205.0|3/20/2026|1.67M|call golden sweep
2026-02-23||MU|430.0|2/27/2026|1.18M|call golden sweep
2026-02-24||INTU|360.0|3/20/2026|621K|call golden sweep
2026-02-24||ACHR|6.5|3/20/2026|830K|call golden sweep
2026-02-24||MU|420.0|3/6/2026|578K|call golden sweep
2026-02-24||MU|380.0|5/15/2026|2.33M|2 large call sweep orders
2026-02-24||MU|450.0|2/27/2026|260.41K|large call sweep order
2026-02-24||INTC|45.0|3/20/2026|1.11M|put golden sweep
2026-02-24||HIMS|20.0|1/15/2027|2.53M|put golden sweep
2026-02-24||SNDK|250.0|1/15/2027|264.0K|2 large put sweep orders
2026-02-24||SNDK|600.0|3/20/2026|2.33M|put golden sweep
2026-02-24||AAPL|270.0|3/20/2026|1.29M|call golden sweep
2026-02-24||CVNA|400.0|12/18/2026|1.37M|call golden sweep
2026-02-24||SNDK|600.0|2/27/2026|366.8K|2 large put sweep orders
2026-02-24||SNDK|600.0|3/6/2026|1.31M|put golden sweep
2026-02-24||IREN|45.0|3/20/2026|1.13M|call golden sweep
2026-02-24||AVGO|190.0|9/18/2026|2.89M|call golden sweep
2026-02-24||XLU|48.0|4/17/2026|1.26M|call golden sweep
2026-02-24||DIA|425.0|3/20/2026|2.85M|2 large call sweep orders
2026-02-24||DIA|425.0|3/20/2026|2.9M|call golden sweep
2026-02-25||GLD|477.0|3/6/2026|2.13M|call golden sweep
2026-02-25||FCX|70.0|1/15/2027|1.34M|call golden sweep
2026-02-25||NVDA|205.0|3/20/2026|1.47M|call golden sweep
2026-02-25||UBER|73.0|3/20/2026|1.24M|put golden sweep
2026-02-25||NVDA|210.0|3/20/2026|2.78M|call golden sweep
2026-02-25||NVDA|200.0|2/27/2026|1.33M|2 large call sweep orders
2026-02-25||NVDA|200.0|6/18/2026|934.0K|large call sweep order
2026-02-25||AVGO|340.0|3/20/2026|2.91M|call golden sweep
2026-02-25||NVDA|195.0|3/13/2026|3.31M|put golden sweep
2026-02-25||INTU|377.5|3/20/2026|1.19M|call golden sweep
2026-02-25||MSFT|445.0|5/15/2026|2.37M|call golden sweep
2026-02-25||MSFT|445.0|5/15/2026|2.37M|call golden sweep
2026-02-26||MU|425.0|3/6/2026|1.35M|call golden sweep
2026-02-26||TSLA|435.0|5/15/2026|1.05M|call golden sweep
2026-02-26||IONQ|45.0|4/17/2026|1.08M|call golden sweep
2026-02-26||IONQ|45.0|4/17/2026|1.18M|2 large call sweep orders
2026-02-26||IONQ|44.0|4/17/2026|283.48K|large call sweep order
2026-02-26||NVDA|200.0|3/20/2026|3.81M|call golden sweep
2026-02-26||META|660.0|3/6/2026|515K|call golden sweep
2026-02-26||MU|415.0|3/6/2026|1.35M|call golden sweep
2026-02-26||NVDA|215.0|6/18/2026|1.27M|call golden sweep
2026-02-26||TSLA|435.0|3/27/2026|2.65M|call golden sweep
2026-02-27||META|645.0|3/6/2026|902K|call golden sweep
2026-02-27||META|645.0|3/6/2026|1.13M|call golden sweep
2026-02-27||GLD|482.0|3/6/2026|1.94M|call golden sweep
2026-02-27||SLV|75.0|4/17/2026|1.09M|put golden sweep
2026-02-27||GLD|481.0|3/6/2026|1.96M|2 large call sweep orders
2026-02-27||GLD|481.0|3/6/2026|2.04M|call golden sweep
2026-02-27||SLV|85.0|3/6/2026|1.97M|call golden sweep
2026-02-27||DELL|150.0|1/15/2027|1.1M|call golden sweep
2026-02-27||NVDA|175.0|3/13/2026|1.65M|put golden sweep
2026-02-27||CRWD|360.0|3/13/2026|620K|call golden sweep
2026-02-27||CRWD|360.0|3/13/2026|741K|call golden sweep
2026-02-27||PLTR|150.0|9/18/2026|1.12M|5 large call sweep orders
2026-02-27||PLTR|155.0|9/18/2026|357.41K|large call sweep order
2026-02-27||PLTR|160.0|9/18/2026|262.28K|large call sweep order
2026-02-27||PLTR|165.0|9/18/2026|314.26K|large call sweep order
2026-02-27||PLTR|137.0|3/6/2026|494.87K|large call sweep order
2026-02-27||MU|420.0|2/27/2026|8.5M|put golden sweep
2026-02-27||WDC|400.0|1/21/2028|1.24M|call golden sweep
2026-02-27||NFLX|100.0|9/18/2026|2.01M|call golden sweep
2026-02-27||NVDA|110.0|3/20/2026|6.95M|call golden sweep
2026-02-27||AMD|165.0|5/15/2026|1.13M|2 large put sweep orders
2026-02-27||AMD|170.0|5/15/2026|1.18M|put golden sweep
2026-02-27||AMD|165.0|5/15/2026|1.13M|2 large put sweep orders
2026-02-27||AMD|170.0|5/15/2026|1.18M|put golden sweep
2026-03-02||GLD|620.0|1/21/2028|1.2M|call golden sweep
2026-03-02||LITE|600.0|6/18/2026|2.85M|put golden sweep
2026-03-02||LITE|800.0|6/18/2026|4.43M|put golden sweep
2026-03-02||META|690.0|5/15/2026|1.61M|call golden sweep
2026-03-02||NVDA|185.0|11/20/2026|1.3M|2 large put sweep orders
2026-03-02||NVDA|185.0|9/18/2026|495.6K|large put sweep order
2026-03-02||SNDK|700.0|3/20/2026|1.2M|call golden sweep
2026-03-02||RKLB|55.0|12/18/2026|1.15M|put golden sweep
2026-03-02||MDB|330.0|3/20/2026|428.53K|3 large call sweep orders
2026-03-02||MDB|330.0|3/20/2026|1.16M|call golden sweep
2026-03-02||MDB|330.0|3/20/2026|525.78K|large call sweep order
2026-03-03||MU|250.0|10/16/2026|9.89M|call golden sweep
2026-03-03||NVDA|177.5|3/13/2026|2.31M|call golden sweep
2026-03-03||CIEN|337.5|3/20/2026|558K|call golden sweep
2026-03-03||CIEN|345.0|3/20/2026|589K|call golden sweep
2026-03-03||UAL|111.0|3/13/2026|546K|call golden sweep
2026-03-03||SLV|125.0|6/18/2026|3.3M|4 large call sweep orders
2026-03-03||SLV|125.0|6/18/2026|1.51M|call golden sweep
2026-03-03||SLV|125.0|6/18/2026|673.68K|large call sweep order
2026-03-03||SLV|82.0|3/20/2026|1.21M|call golden sweep
2026-03-03||NVDA|177.5|3/6/2026|1.77M|call golden sweep
2026-03-03||MU|382.5|3/6/2026|808K|call golden sweep
2026-03-03||NVDA|180.0|12/15/2028|5.01M|2 large call sweep orders
2026-03-03||NVDA|180.0|12/15/2028|1.07M|call golden sweep
2026-03-03||CAT|770.0|3/20/2026|2.33M|put golden sweep
2026-03-03||MU|430.0|6/18/2026|1.36M|call golden sweep
2026-03-03||AXP|270.0|12/18/2026|1.22M|put golden sweep
2026-03-04||GLD|475.0|3/13/2026|608.52K|4 large call sweep orders
2026-03-04||GLD|475.0|3/13/2026|1.23M|call golden sweep
2026-03-04||GLD|475.0|3/13/2026|2.55M|call golden sweep
2026-03-04||GLD|476.0|3/13/2026|1.24M|call golden sweep
2026-03-04||SLV|77.0|3/13/2026|1.21M|5 large call sweep orders
2026-03-04||SLV|77.0|3/13/2026|409.05K|large call sweep order
2026-03-04||SLV|77.0|3/13/2026|435.0K|large call sweep order
2026-03-04||SLV|77.0|3/13/2026|488.07K|large call sweep order
2026-03-04||SLV|77.0|3/13/2026|878.33K|large call sweep order
2026-03-04||TSLA|400.0|3/4/2026|526K|call golden sweep
2026-03-04||COIN|210.0|3/6/2026|509K|call golden sweep
2026-03-04||AAPL|270.0|4/17/2026|6.98M|call golden sweep
2026-03-04||INTC|44.0|3/6/2026|700K|call golden sweep
2026-03-04||INTC|43.5|3/6/2026|601K|call golden sweep
2026-03-04||NVDA|155.0|5/15/2026|1.78M|put golden sweep
2026-03-04||MSFT|400.0|3/27/2026|1.58M|put golden sweep
2026-03-04||NVDA|170.0|3/20/2026|4.29M|call golden sweep
2026-03-04||NVDA|160.0|4/17/2026|1.65M|put golden sweep
2026-03-04||AVGO|340.0|3/20/2026|1.16M|call golden sweep
2026-03-04||MU|410.0|3/6/2026|1.16M|call golden sweep
2026-03-04||ORCL|350.0|12/17/2027|2.69M|put golden sweep
2026-03-04||TSM|325.0|3/20/2026|335.35K|5 large put sweep orders
2026-03-04||TSM|345.0|3/20/2026|349.16K|large put sweep order
2026-03-04||TSM|327.5|3/13/2026|1.19M|put golden sweep
2026-03-04||TSM|335.0|3/20/2026|633.39K|large put sweep order
2026-03-04||TSM|310.0|5/15/2026|316.03K|large put sweep order
2026-03-05||AMZN|300.0|1/15/2027|1.29M|call golden sweep
2026-03-05||LITE|690.0|12/15/2028|2.27M|put golden sweep
2026-03-05||EWY|110.0|3/20/2026|1.04M|put golden sweep
2026-03-05||NVDA|200.0|3/19/2027|2.69M|call golden sweep
2026-03-05||AVGO|297.5|3/13/2026|1.0M|put golden sweep
2026-03-05||NVDA|150.0|3/20/2026|3.34M|call golden sweep
2026-03-05||AAPL|250.0|5/15/2026|1.56M|put golden sweep
2026-03-06||TSM|230.0|7/17/2026|5.88M|call golden sweep
2026-03-06||CCJ|117.0|3/20/2026|517K|call golden sweep
2026-03-06||MU|375.0|3/6/2026|1.2M|call golden sweep
2026-03-06||MU|375.0|3/6/2026|563K|call golden sweep
2026-03-06||AVGO|340.0|3/13/2026|2.87M|call golden sweep
2026-03-06||LITE|610.0|6/18/2026|1.17M|call golden sweep
2026-03-06||SLV|125.0|6/18/2026|1.72M|call golden sweep
2026-03-06||TSLA|400.0|3/6/2026|2.61M|call golden sweep
2026-03-06||TSLA|400.0|3/13/2026|920K|call golden sweep
2026-03-06||TSLA|400.0|3/13/2026|783K|call golden sweep
2026-03-06||TSLA|410.0|3/13/2026|10.45M|2 large call sweep orders
2026-03-06||NVDA|177.5|3/6/2026|1.0M|2 large call sweep orders
2026-03-06||NVDA|177.5|3/6/2026|495.72K|large call sweep order
2026-03-06||CRCL|110.0|6/17/2027|786.6K|2 large call sweep orders
2026-03-06||CRCL|110.0|6/17/2027|3.27M|call golden sweep
2026-03-06||MU|430.0|3/20/2026|288.65K|2 large call sweep orders
2026-03-06||MU|430.0|3/20/2026|2.49M|call golden sweep
2026-03-06||XLE|60.0|6/18/2026|1.87M|call golden sweep
2026-03-06||SMH|357.5|3/13/2026|1.68M|put golden sweep
2026-03-06||CVX|200.0|1/21/2028|1.16M|call golden sweep
2026-03-06||MU|425.0|3/6/2026|7.79M|put golden sweep
2026-03-06||AMPX|20.0|7/17/2026|510K|call golden sweep
2026-03-06||NVDA|180.0|3/9/2026|1.26M|call golden sweep
2026-03-06||NVDA|180.0|3/9/2026|1.26M|call golden sweep
2026-03-09||SOXX|345.0|4/17/2026|1.09M|call golden sweep
2026-03-09||AMZN|217.5|3/13/2026|1.05M|call golden sweep
2026-03-09||META|635.0|4/17/2026|750K|call golden sweep
2026-03-09||NVDA|177.5|3/11/2026|1.51M|call golden sweep
2026-03-09||NVDA|160.0|4/2/2026|2.38M|3 large put sweep orders
2026-03-09||NVDA|180.0|3/13/2026|347.73K|large put sweep order
2026-03-09||NVDA|160.0|4/2/2026|251.76K|large put sweep order
2026-03-09||PDD|105.0|3/20/2026|1.36M|call golden sweep
2026-03-09||NVDA|180.0|3/11/2026|898K|call golden sweep
2026-03-09||MSFT|402.5|3/16/2026|1.13M|call golden sweep
2026-03-09||NVDA|170.0|5/15/2026|7.08M|call golden sweep
2026-03-09||GOOG|300.0|5/15/2026|1.79M|call golden sweep
2026-03-09||MU|600.0|8/21/2026|2.45M|2 large put sweep orders
2026-03-09||MU|270.0|10/16/2026|277.13K|large put sweep order
2026-03-09||META|560.0|11/20/2026|2.69M|call golden sweep
2026-03-09||META|560.0|11/20/2026|2.69M|call golden sweep
2026-03-10||GOOG|310.0|5/15/2026|1.91M|call golden sweep
2026-03-10||GOOG|310.0|5/15/2026|1.91M|call golden sweep
2026-03-10||CRCL|120.0|3/27/2026|505K|call golden sweep
2026-03-10||GOOG|310.0|5/15/2026|1.89M|call golden sweep
2026-03-10||NVDA|185.0|3/13/2026|1.55M|call golden sweep
2026-03-10||GOOG|310.0|5/15/2026|1.89M|call golden sweep
2026-03-10||MU|440.0|6/18/2026|5.19M|call golden sweep
2026-03-10||GOOG|307.5|3/13/2026|699K|call golden sweep
2026-03-10||EWY|120.0|3/20/2026|1.35M|put golden sweep
2026-03-10||ORCL|340.0|12/17/2027|2.51M|put golden sweep
2026-03-10||ORCL|340.0|12/17/2027|2.51M|put golden sweep
2026-03-11||NKE|56.0|3/13/2026|526K|call golden sweep
2026-03-11||TSLA|420.0|5/15/2026|1.63M|call golden sweep
2026-03-11||BABA|165.0|7/17/2026|1.57M|call golden sweep
2026-03-11||FSLR|300.0|1/15/2027|1.05M|call golden sweep
2026-03-11||BABA|165.0|7/17/2026|1.1M|call golden sweep
2026-03-11||SNDK|500.0|6/18/2026|2.02M|call golden sweep
2026-03-11||JPM|275.0|4/17/2026|1.38M|put golden sweep
2026-03-11||MU|412.5|3/20/2026|1.31M|put golden sweep
2026-03-11||C|110.0|12/15/2028|1.68M|call golden sweep
2026-03-11||C|110.0|12/15/2028|1.68M|call golden sweep
2026-03-11||PBR|20.0|6/18/2026|1.84M|call golden sweep
2026-03-11||PBR|20.0|6/18/2026|1.84M|call golden sweep
2026-03-12||ADBE|275.0|4/17/2026|719K|call golden sweep
2026-03-12||PDD|105.0|3/27/2026|859K|call golden sweep
2026-03-12||GH|80.0|4/17/2026|1.25M|put golden sweep
2026-03-12||GOOGL|300.0|12/18/2026|1.06M|put golden sweep
2026-03-12||CVX|200.0|1/21/2028|1.38M|call golden sweep
2026-03-12||MU|260.0|5/15/2026|5.39M|call golden sweep
2026-03-12||MU|260.0|5/15/2026|5.39M|call golden sweep
2026-03-13||AVGO|340.0|3/20/2026|306.0K|2 large call sweep orders
2026-03-13||AVGO|340.0|3/20/2026|1.2M|call golden sweep
2026-03-13||LLY|990.0|4/10/2026|686K|call golden sweep
2026-03-13||GLD|465.0|6/18/2026|395.11K|2 large call sweep orders
2026-03-13||GLD|465.0|6/18/2026|1.22M|call golden sweep
2026-03-13||MU|510.0|7/17/2026|2.42M|put golden sweep
2026-03-13||MU|510.0|7/17/2026|2.42M|put golden sweep
2026-03-16||TLT|84.0|6/18/2026|2.17M|call golden sweep
2026-03-16||MU|400.0|3/27/2026|1.07M|put golden sweep
2026-03-16||NVDA|175.0|4/10/2026|1.31M|put golden sweep
2026-03-16||NVDA|185.0|4/2/2026|2.85M|call golden sweep
2026-03-16||GOOG|305.0|5/15/2026|1.8M|call golden sweep
2026-03-16||NVDA|182.5|3/20/2026|2.03M|5 large call sweep orders
2026-03-16||NVDA|190.0|3/20/2026|258.12K|large call sweep order
2026-03-16||NVDA|195.0|3/20/2026|458.99K|large call sweep order
2026-03-16||NVDA|190.0|4/17/2026|385.32K|large call sweep order
2026-03-16||NVDA|185.0|3/16/2026|1.05M|call golden sweep
2026-03-16||NVDA|165.0|3/16/2026|520K|call golden sweep
2026-03-16||MU|300.0|3/20/2026|3.67M|call golden sweep
2026-03-16||MU|300.0|3/20/2026|3.67M|call golden sweep
2026-03-17||NVDA|190.0|4/10/2026|2.81M|2 large call sweep orders
2026-03-17||NVDA|190.0|4/10/2026|919.98K|large call sweep order
2026-03-17||NVDA|190.0|4/10/2026|2.68M|call golden sweep
2026-03-17||NVDA|185.0|3/20/2026|1.84M|2 large put sweep orders
2026-03-17||NVDA|185.0|3/20/2026|2.45M|put golden sweep
2026-03-17||AVGO|320.0|5/15/2026|1.3M|put golden sweep
2026-03-17||META|620.0|3/27/2026|1.0M|put golden sweep
2026-03-17||LITE|630.0|12/15/2028|2.11M|put golden sweep
2026-03-17||MU|300.0|7/17/2026|3.97M|call golden sweep
2026-03-17||MU|300.0|7/17/2026|3.52M|call golden sweep
2026-03-17||NFE|8.0|1/15/2027|2.28M|put golden sweep
2026-03-17||JBL|260.0|6/18/2026|1.24M|call golden sweep
2026-03-17||SNDK|1050.0|6/17/2027|1.11M|call golden sweep
2026-03-17||SNDK|1040.0|1/21/2028|2.11M|call golden sweep
2026-03-17||SNDK|1070.0|6/16/2028|2.91M|call golden sweep
2026-03-17||SNDK|1070.0|6/16/2028|2.91M|call golden sweep
2026-03-18||NVDA|185.0|9/18/2026|1.68M|2 large call sweep orders
2026-03-18||NVDA|190.0|5/15/2026|525.0K|large call sweep order
2026-03-18||PLTR|165.0|4/17/2026|1.15M|call golden sweep
2026-03-18||NVDA|175.0|4/17/2026|2.1M|put golden sweep
2026-03-18||NVDA|250.0|12/15/2028|1.62M|call golden sweep
2026-03-18||AMD|185.0|4/17/2026|1.05M|put golden sweep
2026-03-18||MU|500.0|6/18/2026|4.04M|call golden sweep
2026-03-18||AAPL|252.5|3/27/2026|467.04K|4 large put sweep orders
2026-03-18||AAPL|220.0|12/18/2026|421.2K|large put sweep order
2026-03-18||AAPL|220.0|12/18/2026|871.15K|large put sweep order
2026-03-18||AAPL|220.0|12/18/2026|1.03M|put golden sweep
2026-03-18||MSFT|410.0|10/16/2026|1.45M|call golden sweep
2026-03-19||BABA|150.0|12/15/2028|3.59M|call golden sweep
2026-03-19||COIN|210.0|4/10/2026|1.05M|call golden sweep
2026-03-19||YPF|42.0|5/15/2026|1.37M|call golden sweep
2026-03-19||NVDA|220.0|6/17/2027|3.42M|call golden sweep
2026-03-19||JPM|290.0|7/17/2026|1.1M|2 large call sweep orders
2026-03-19||JPM|285.0|7/17/2026|378.76K|large call sweep order
2026-03-19||NVDA|165.0|3/20/2026|4.24M|3 large call sweep orders
2026-03-19||NVDA|185.0|3/27/2026|286.22K|large call sweep order
2026-03-19||NVDA|195.0|4/17/2026|257.05K|large call sweep order
2026-03-19||TSLA|380.0|5/1/2026|2.58M|call golden sweep
2026-03-19||NVDA|215.0|6/17/2027|3.49M|call golden sweep
2026-03-19||NVDA|215.0|6/17/2027|653K|call golden sweep
2026-03-19||DAL|67.5|6/18/2026|2.08M|call golden sweep
2026-03-20||NVDA|175.0|4/17/2026|3.72M|call golden sweep
2026-03-20||META|600.0|4/17/2026|1.4M|call golden sweep
2026-03-20||CRCL|115.0|6/17/2027|2.34M|call golden sweep
2026-03-20||MU|410.0|4/17/2026|1.07M|put golden sweep
2026-03-20||MU|360.0|4/24/2026|1.06M|put golden sweep
2026-03-20||NVDA|240.0|12/18/2026|2.01M|2 large call sweep orders
2026-03-20||NVDA|260.0|12/18/2026|792.92K|large call sweep order
2026-03-20||ASML|1350.0|8/21/2026|1.51M|call golden sweep
2026-03-23||CIEN|410.0|5/15/2026|1.08M|call golden sweep
2026-03-23||DIA|305.0|4/17/2026|2.57M|call golden sweep
2026-03-23||UNH|280.0|4/24/2026|619K|call golden sweep
2026-03-23||GOOGL|340.0|6/18/2026|1.28M|call golden sweep
2026-03-23||COIN|192.5|4/2/2026|1.02M|put golden sweep
2026-03-23||META|810.0|12/15/2028|1.08M|call golden sweep
2026-03-23||PLTR|170.0|4/24/2026|1.1M|call golden sweep
2026-03-23||NVDA|190.0|7/17/2026|1.08M|call golden sweep
2026-03-23||SLB|50.0|4/17/2026|2.12M|call golden sweep
2026-03-24||AXTI|65.0|4/17/2026|1.06M|put golden sweep
2026-03-24||YPF|45.0|4/17/2026|703K|call golden sweep
2026-03-24||AMZN|207.5|3/27/2026|1.03M|call golden sweep
2026-03-24||PDD|120.0|7/17/2026|1.55M|call golden sweep
2026-03-24||DELL|175.0|5/15/2026|1.25M|call golden sweep
2026-03-24||LITE|500.0|6/18/2026|6.72M|3 large call sweep orders
2026-03-24||LITE|500.0|6/18/2026|6.71M|call golden sweep
2026-03-24||LITE|500.0|6/18/2026|3.37M|call golden sweep
2026-03-24||TSLA|700.0|1/15/2027|7.0M|put golden sweep
2026-03-24||SNDK|580.0|4/17/2026|1.09M|put golden sweep
2026-03-24||CVNA|300.0|8/21/2026|1.97M|call golden sweep
2026-03-24||CVNA|300.0|8/21/2026|1.36M|call golden sweep
2026-03-24||CIEN|600.0|1/21/2028|1.02M|call golden sweep
2026-03-24||DELL|175.0|5/15/2026|1.37M|call golden sweep
2026-03-24||DELL|175.0|5/15/2026|1.37M|call golden sweep
2026-03-24||C|125.0|1/15/2027|2.18M|2 large put sweep orders
2026-03-24||C|115.0|1/15/2027|387.81K|large put sweep order
2026-03-24||DELL|185.0|5/15/2026|1.11M|call golden sweep
2026-03-25||INTU|440.0|5/15/2026|584K|call golden sweep
2026-03-25||NVDA|162.5|4/2/2026|2.23M|call golden sweep
2026-03-25||NVDA|180.0|3/19/2027|1.41M|put golden sweep
2026-03-25||TSM|360.0|4/2/2026|1.81M|call golden sweep
2026-03-25||META|580.0|5/15/2026|708K|call golden sweep
2026-03-25||AMD|170.0|8/21/2026|1.39M|put golden sweep
2026-03-25||NVDA|175.0|4/1/2026|1.01M|put golden sweep
2026-03-25||CRCL|120.0|6/17/2027|666K|call golden sweep
2026-03-25||MSFT|370.0|1/15/2027|1.43M|call golden sweep
2026-03-25||GLD|400.0|5/15/2026|1.17M|put golden sweep
2026-03-26||GLD|427.0|4/10/2026|1.32M|call golden sweep
2026-03-26||WULF|20.0|6/18/2026|2.29M|call golden sweep
2026-03-26||META|610.0|5/15/2026|12.72M|put golden sweep
2026-03-26||PDD|130.0|4/17/2026|13.71M|put golden sweep
2026-03-26||META|555.0|3/27/2026|658K|call golden sweep
2026-03-26||SMH|345.0|6/18/2026|315.24K|2 large put sweep orders
2026-03-26||SMH|400.0|6/18/2026|2.98M|put golden sweep
2026-03-26||MU|720.0|3/19/2027|618K|call golden sweep
2026-03-26||META|480.0|11/20/2026|1.14M|2 large put sweep orders
2026-03-26||META|480.0|11/20/2026|620.61K|large put sweep order
2026-03-26||CRWD|390.0|5/15/2026|899.79K|3 large call sweep orders
2026-03-26||CRWD|410.0|5/15/2026|606.69K|large call sweep order
2026-03-26||CRWD|420.0|8/21/2026|1.96M|call golden sweep
2026-03-26||MU|520.0|3/19/2027|509K|call golden sweep
2026-03-26||AVGO|400.0|6/17/2027|2.04M|call golden sweep
2026-03-26||AAPL|180.0|8/21/2026|2.61M|put golden sweep
2026-03-26||W|92.5|12/18/2026|3.59M|put golden sweep
2026-03-26||META|560.0|8/21/2026|2.1M|2 large put sweep orders
2026-03-26||META|530.0|8/21/2026|540.85K|large put sweep order
2026-03-27||NVDA|350.0|12/15/2028|2.11M|2 large put sweep orders
2026-03-27||NVDA|350.0|12/15/2028|2.0M|put golden sweep
2026-03-27||MU|450.0|1/15/2027|1.71M|2 large call sweep orders
2026-03-27||MU|450.0|1/15/2027|1.74M|call golden sweep
2026-03-27||NVDA|300.0|12/15/2028|1.04M|call golden sweep
2026-03-27||SMH|385.0|6/17/2027|1.48M|call golden sweep
2026-03-27||META|600.0|12/18/2026|1.0M|call golden sweep
2026-03-27||WDC|300.0|5/15/2026|1.38M|call golden sweep
2026-03-27||MU|350.0|5/15/2026|11.64M|put golden sweep
2026-03-27||AAPL|262.5|4/17/2026|1.23M|call golden sweep
2026-03-27||GLD|412.0|4/2/2026|1.05M|put golden sweep
2026-03-27||TSM|327.5|4/17/2026|1.31M|put golden sweep
2026-03-27||MU|270.0|5/15/2026|1.0M|2 large put sweep orders
2026-03-27||MU|270.0|6/18/2026|425.25K|large put sweep order
2026-03-27||NVDA|180.0|6/17/2027|1.93M|call golden sweep
2026-03-27||AVGO|250.0|3/27/2026|2.59M|2 large call sweep orders
2026-03-27||AVGO|250.0|3/27/2026|3.53M|call golden sweep
